{
  "user": {
    "user_review_count_log": {
      "mean": 4.98813565323658,
      "std": 1.8575119428155447
    },
    "useful_log": {
      "mean": 5.806581623418186,
      "std": 2.798664554652437
    },
    "compliment_log": {
      "mean": 3.7224408187883835,
      "std": 2.7695976595273146
    },
    "fans_log": {
      "mean": 2.4275547303403764,
      "std": 1.9334121125701889
    },
    "average_stars": {
      "mean": 3.8703514074198884,
      "std": 0.5216698487173749
    }
  },
  "business": {
    "business_review_count_log": {
      "mean": 6.0753756892735495,
      "std": 1.4602898299310603
    },
    "business_stars": {
      "mean": 3.9283916555217404,
      "std": 0.5426139507152612
    }
  }
}